post_title,image1,image2,image3,image4,image5,image6,category
Officiis debitis,m1.jpg,m2.jpg,m3.jpg,m4.jpg,m5.jpg,m6.jpg,Accessories 
Dolorum fuga,m3.jpg,m2.jpg,m4.jpg,m5.jpg,m6.jpg,m7.jpg,Accessories
Cillum dolore,m4.jpg,m2.jpg,m5.jpg,m6.jpg,m7.jpg,m8.jpg,Accessories
Sit voluptatem,m5.jpg,m2.jpg,m6.jpg,m7.jpg,m8.jpg,m9.jpg,Accessories
Consequuntur magni,m6.jpg,m2.jpg,m7.jpg,m8.jpg,m9.jpg,m10.jpg,Decor
Nostrum exercitationem,m7.jpg,m2.jpg,m8.jpg,m9.jpg,m10.jpg,m11.jpg,Decor
Itaque earum,m8.jpg,m2.jpg,m9.jpg,m10.jpg,m11.jpg,m12.jpg,Decor
Epicuri per,m9.jpg,m2.jpg,m10.jpg,m11.jpg,m12.jpg,m13.jpg,Decor
Natus erro,m10.jpg,m2.jpg,m11.jpg,m12.jpg,m13.jpg,m14.jpg,Furniture
Nemo enim,m11.jpg,m2.jpg,m12.jpg,m13.jpg,m14.jpg,m15.jpg,Furniture
Laudantium,m12.jpg,m2.jpg,m13.jpg,m14.jpg,m15.jpg,m16.jpg,Furniture
Porro quisquam,m13.jpg,m2.jpg,m14.jpg,m15.jpg,m16.jpg,m1.jpg,Furniture
Aliquam lobortis,m14.jpg,m2.jpg,m15.jpg,m16.jpg,m1.jpg,m2.jpg,Home Improvement
Nullam maximus,m15.jpg,m2.jpg,m16.jpg,m1.jpg,m2.jpg,m3.jpg,Home Improvement
Donec eu libero,m16.jpg,m2.jpg,m1.jpg,m2.jpg,m3.jpg,m4.jpg,Home Improvement
